<?xml version="1.0" encoding="utf-8"?>
<SDP version="1.1">
  <Phonebook>
    <SyncHistory value = "TRUE" />
    <LastModifiedTime value="TRUE" />
    <MaxItemCount value="65535" />
    <GUITemplate value="ANDROID"/>
    <PhotoSize accessibility="all" value="138*138"/>
    <DialChar value="*#,+,;()/N- ."/>
    <Enums>
      <Enum name="TEL_TYPE" >
        <Element type="Default" name="Mobile.Private" />
        <Element type="Default" name="Landline.Private" />
        <Element type="Default" name="Landline.Business" />
        <Element type="Default" name="Fax.Business" />
        <Element type="Default" name="Fax.Private" />
        <Element type="Default" name="Pager" />
        <Element type="Default" name="Etc" />
        <Element type="Default" name="Custom" />
        <Element type="Default" name="Callback" />
        <Element type="Internet" name="InternetPhone" />
      </Enum>

      <Enum name="GENERAL_TYPE">
        <Element name="Private" />
        <Element name="Business" />
        <Element name="Mobile" />
        <Element name="Other" />
        <Element name="Custom" />
      </Enum>

      <Enum name="ADDRESS_TYPE" DataLength="1">
        <Element name="Private" value="1" />
        <Element name="Business" value="2" />
        <Element name="Other" value="3" />
        <Element name="Custom" value="3" />
      </Enum>

      <Enum name="MESSENGER_TYPE" >
        <Element name="GoogleTalk" />
        <Element name="AIM" />
        <Element name="WindowsLive" />
        <Element name="Yahoo" />
        <Element name="Skype" />
        <Element name="QQ" />
        <Element name="ICQ" />
        <Element name="Jabber" />
        <Element name="Custom" />
      </Enum>
    </Enums>

    <DataField>
      <Names>
        <FirstName 	type="String" charset="utf-16" MaxLength="2000" />
        <MiddleName 	type="String" charset="utf-16" MaxLength="2000"  />
        <LastName 	type="String" charset="utf-16" MaxLength="2000" />
        <TitleName type="String" charset="utf-16" MaxLength="2000"  />
        <SuffixName type="String" charset="utf-16" MaxLength="2000"  />
        <ReadingFirstName type="String" charset="utf-16" MaxLength="2000"  />
        <ReadingMiddleName type="String" charset="utf-16" MaxLength="2000"  />
        <ReadingLastName type="String" charset="utf-16" MaxLength="2000"  />
      </Names>

      <TelNumbers>
        <TelNumber Count="9">
          <TelType 	Type="TEL_TYPE" value="Default"/>
          <TelNum 	Type="String" charset="utf-16" MaxLength="2000" />
        </TelNumber>
        <TelNumber Count="1">
          <TelType  Type="TEL_TYPE" value="Internet"/>
          <TelNum  Type="String" CharSet="utf-16" MaxLength="2000" />
        </TelNumber>    
      </TelNumbers>

      <Emails>
        <Email Count="10">
          <EmailType Type="GENERAL_TYPE" value="1"/>
          <EmailAddr type="String" charset="utf-16" MaxLength="2000" />
        </Email>
      </Emails>

      <MessengerIDs>
        <MessengerID count ="10">
          <MessengerType Type ="MESSENGER_TYPE" value="1"/>
          <MessengerAddr type="String" charset="utf-16" MaxLength="2000" />
        </MessengerID>
      </MessengerIDs>

      <Addresses>
        <address count="5">
          <AddrType 	type="ADDRESS_TYPE" 	value="3"/>
          <Street		type="String" charset="utf-16" MaxLength="2000" />
          <City		type="String" charset="utf-16" MaxLength="2000"/>
          <state		type="String" charset="utf-16" MaxLength="2000" />
          <PostalCode	type="String" charset="utf-16" MaxLength="2000" />
          <PObox	type="String" charset="utf-16" MaxLength="2000" />
          <country	type="String" charset="utf-16" MaxLength="2000" />
          <Neighborhood type="String" charset="utf-16" MaxLength="2000" />
        </address>
      </Addresses>

      <Organizations>
        <Organization count="1">
          <Company type="String" charset="utf-16" MaxLength="2000"/>
          <Position type="String" charset="utf-16" MaxLength="2000" />
        </Organization>
      </Organizations>

      <Notes>
        <Note count="1">
          <Content  type="String" charset="utf-16" MaxLength="2000" />
        </Note>
      </Notes>
      <Nicknames>
        <Nickname count="1">
          <Name  type="String" charset="utf-16" MaxLength="2000" />
        </Nickname>
      </Nicknames>
      <Urls>
        <Url count="10">
          <UrlAddr  type="String" charset="utf-16" MaxLength="2000" />
        </Url>
      </Urls>
      <Birthday>
        <Birthday count="1">
          <BirthdayDate type="Date" />
        </Birthday>
      </Birthday>
      <Anniversary>
        <Anniversary count="1">
          <AnniversaryDate type="Date" />
        </Anniversary>
      </Anniversary>
    </DataField>
	<MultipleAccount value="TRUE"/>    
  </Phonebook>
  <PhonebookGroup>
	<MaxItemCount value="65535" />
	 <MultipleAccount value="TRUE"/>
	<MultiGroup value="true">
		<MaxCount value="65535" />
	</MultiGroup>
	<DataField>
		<Name type="String" charset="utf-16" MaxLength="2000" />
	</DataField>
  </PhonebookGroup>
</SDP>
